n_train,train_acc,train_cost,test_acc,test_cost,step
2,1.0,0.6444324185744672,0.44999998807907104,0.6433842909922234,1
2,1.0,0.41181390261928935,0.44999998807907104,0.6578574241925023,2
2,1.0,0.2548467208649219,0.44999998807907104,0.7006942719572901,3
2,1.0,0.1562465896870393,0.44999998807907104,0.7618335879185054,4
2,1.0,0.09682062896548621,0.44999998807907104,0.8327175569125852,5
2,1.0,0.06143113969031411,0.44999998807907104,0.9073233351039522,6
2,1.0,0.040166806408879804,0.44999998807907104,0.981870837367338,7
2,1.0,0.027120169746846674,0.44999998807907104,1.0541632882533623,8
2,1.0,0.018901099894627058,0.44999998807907104,1.1230131406257158,9
2,1.0,0.013575456411038396,0.44999998807907104,1.1878459553098535,10
2,1.0,0.010027279010852057,0.44999998807907104,1.2484507465569024,11
2,1.0,0.00759986436333559,0.44999998807907104,1.3048281745445092,12
2,1.0,0.005897619475526684,0.44999998807907104,1.357099470478947,13
2,1.0,0.0046763352010812526,0.44999998807907104,1.4054517804218352,14
2,1.0,0.003781560270510286,0.44999998807907104,1.4501053842563931,15
2,1.0,0.0031133084977209326,0.44999998807907104,1.4912939851884328,16
2,1.0,0.002605410954863844,0.44999998807907104,1.5292529468596292,17
2,1.0,0.0022131632087541214,0.44999998807907104,1.5642123676275501,18
2,1.0,0.0019057734172849418,0.44999998807907104,1.596393074951755,19
2,1.0,0.0016616482798107292,0.44999998807907104,1.6260044990691302,20
2,1.0,0.0014653889749163987,0.44999998807907104,1.6532436821865741,21
2,1.0,0.0013058419820490283,0.44999998807907104,1.6782949961751559,22
2,1.0,0.00117481019029154,0.44999998807907104,1.7013303120690915,23
2,1.0,0.0010661876218629783,0.44999998807907104,1.7225093132457294,24
2,1.0,0.0009753678317123363,0.44999998807907104,1.741980133672645,25
2,1.0,0.0008988344751537094,0.44999998807907104,1.7598799071556877,26
2,1.0,0.000833873693589632,0.44999998807907104,1.776335448492783,27
2,1.0,0.0007783689260927413,0.44999998807907104,1.7914639418784473,28
2,1.0,0.0007306534226991518,0.44999998807907104,1.8053735997017282,29
2,1.0,0.0006894026493061609,0.44999998807907104,1.8181641802610202,30
2,1.0,0.0006535548683298791,0.44999998807907104,1.8299276203968236,31
2,1.0,0.0006222522039543679,0.44999998807907104,1.8407487635463355,32
2,1.0,0.0005947961117085955,0.44999998807907104,1.85070570407108,33
2,1.0,0.0005706135593544373,0.44999998807907104,1.8598703307786997,34
2,1.0,0.0005492316687141633,0.44999998807907104,1.8683087464827313,35
2,1.0,0.000530257273554165,0.44999998807907104,1.8760818843897473,36
2,1.0,0.0005133615670263767,0.44999998807907104,1.8832456925513281,37
2,1.0,0.000498268300466294,0.44999998807907104,1.889851562355732,38
2,1.0,0.00048474386693791733,0.44999998807907104,1.895946821442621,39
2,1.0,0.0004725896563658146,0.44999998807907104,1.9015748510554125,40
2,1.0,0.0004616362926638891,0.44999998807907104,1.9067755098433612,41
2,1.0,0.0004517382977567444,0.44999998807907104,1.9115853613124265,42
2,1.0,0.0004427705649045549,0.44999998807907104,1.9160380456677195,43
2,1.0,0.0004346247459101247,0.44999998807907104,1.92016437814388,44
2,1.0,0.0004272068783886349,0.44999998807907104,1.9239925452734252,45
2,1.0,0.00042043517015296754,0.44999998807907104,1.927548436376257,46
2,1.0,0.0004142380182864255,0.44999998807907104,1.9308558147677215,47
2,1.0,0.00040855274558856974,0.44999998807907104,1.9339363936698863,48
2,1.0,0.00040332427026427037,0.44999998807907104,1.9368100621228197,49
2,1.0,0.00039850398962413516,0.44999998807907104,1.9394950680953578,50
2,1.0,0.0003940490355726698,0.44999998807907104,1.9420080717641424,51
2,1.0,0.0003899213460429601,0.44999998807907104,1.9443643682920344,52
2,1.0,0.0003860871904557235,0.44999998807907104,1.9465778372991964,53
2,1.0,0.0003825166493739801,0.44999998807907104,1.948661286812499,54
2,1.0,0.00037918297741774135,0.44999998807907104,1.9506263909287698,55
2,1.0,0.000376062372999913,0.44999998807907104,1.9524838219004932,56
2,1.0,0.0003731335013536064,0.44999998807907104,1.9542432696256402,57
2,1.0,0.00037037739936188077,0.44999998807907104,1.955913651478595,58
2,1.0,0.00036777698327234874,0.44999998807907104,1.957503081890805,59
2,1.0,0.00036531696703054263,0.44999998807907104,1.9590189853424766,60
2,1.0,0.00036298363415965403,0.44999998807907104,1.9604681397369452,61
2,1.0,0.0003607646219848605,0.44999998807907104,1.9618567259995952,62
2,1.0,0.0003586488738408994,0.44999998807907104,1.9631903286368402,63
2,1.0,0.00035662644591635817,0.44999998807907104,1.9644740962691492,64
2,1.0,0.00035468832018813266,0.44999998807907104,1.9657127431882284,65
2,1.0,0.0003528263787392691,0.44999998807907104,1.9669104962806332,66
2,1.0,0.00035103346347679205,0.44999998807907104,1.9680712558612803,67
2,1.0,0.00034930287254298297,0.44999998807907104,1.969198536544479,68
2,1.0,0.0003476287370348518,0.44999998807907104,1.9702955843327348,69
2,1.0,0.0003460057701816433,0.44999998807907104,1.971365327191417,70
2,1.0,0.0003444290620879133,0.44999998807907104,1.972410441531732,71
2,1.0,0.00034289429774658265,0.44999998807907104,1.9734333315449442,72
2,1.0,0.00034139758651326413,0.44999998807907104,1.9744362196001828,73
2,1.0,0.00033993533579796607,0.44999998807907104,1.9754211441897696,74
2,1.0,0.0003385043862331005,0.44999998807907104,1.9763898707623164,75
2,1.0,0.0003371018099508252,0.44999998807907104,1.977344100833611,76
2,1.0,0.0003357250599652316,0.44999998807907104,1.9782852651224097,77
2,1.0,0.00033437177156178774,0.44999998807907104,1.9792148060367851,78
2,1.0,0.0003330397933695725,0.44999998807907104,1.9801339503541,79
2,1.0,0.0003317272245827558,0.44999998807907104,1.9810438025438395,80
2,1.0,0.000330432368560683,0.44999998807907104,1.9819453849483364,81
2,1.0,0.0003291536623031104,0.44999998807907104,1.982839609293762,82
2,1.0,0.00032788974546117954,0.44999998807907104,1.9837273102452393,83
2,1.0,0.00032663932054128404,0.44999998807907104,1.9846092713359489,84
2,1.0,0.0003254012428025644,0.44999998807907104,1.9854861650070814,85
2,1.0,0.00032417448812615087,0.44999998807907104,1.986358579351412,86
2,1.0,0.000322958194369185,0.44999998807907104,1.9872271155310939,87
2,1.0,0.00032175146812867054,0.44999998807907104,1.9880922855400704,88
2,1.0,0.0003205536222048557,0.44999998807907104,1.988954486292621,89
2,1.0,0.0003193640038041776,0.44999998807907104,1.989814140140316,90
2,1.0,0.0003181819873662277,0.44999998807907104,1.9906716132013083,91
2,1.0,0.00031700709188807073,0.44999998807907104,1.991527286426271,92
2,1.0,0.0003158387218785973,0.44999998807907104,1.9923813560695007,93
2,1.0,0.0003146766096449459,0.44999998807907104,1.9932342186256324,94
2,1.0,0.0003135202301948715,0.44999998807907104,1.9940860602098616,95
2,1.0,0.000312369339487979,0.44999998807907104,1.9949370522036856,96
2,1.0,0.0003112236184412921,0.44999998807907104,1.995787433677984,97
2,1.0,0.00031008277795811995,0.44999998807907104,1.9966373620356268,98
2,1.0,0.00030894659607465014,0.44999998807907104,1.9974869972311426,99
2,1.0,0.00030781485876799097,0.44999998807907104,1.998336460665199,100
2,1.0,0.6827856599221278,0.550000011920929,0.6251611769602297,1
2,1.0,0.42204333760547785,0.550000011920929,0.6314609273434575,2
2,1.0,0.2514096940891104,0.550000011920929,0.6685602344593304,3
2,1.0,0.14847665081369604,0.550000011920929,0.7255638409981833,4
2,1.0,0.08902206638408697,0.550000011920929,0.7931714585446448,5
2,1.0,0.054963841605761,0.550000011920929,0.8648828423515045,6
2,1.0,0.03515999405980967,0.550000011920929,0.9366658397350169,7
2,1.0,0.023330144777465582,0.550000011920929,1.0062127179970448,8
2,1.0,0.016036382583263665,0.550000011920929,1.0723016390961124,9
2,1.0,0.011391452864249717,0.550000011920929,1.1343612807182002,10
2,1.0,0.008339810603652395,0.550000011920929,1.1921994513122516,11
2,1.0,0.006275736000378445,0.550000011920929,1.2458401484217425,12
2,1.0,0.004841744230271605,0.550000011920929,1.2954269324724956,13
2,1.0,0.003820832453711497,0.550000011920929,1.341166058025166,14
2,1.0,0.0030776531757400923,0.550000011920929,1.383292881553674,15
2,1.0,0.0025256030857952983,0.550000011920929,1.4220522521681553,16
2,1.0,0.0021079288266534764,0.550000011920929,1.457687107577603,17
2,1.0,0.0017866058308225875,0.550000011920929,1.4904321894091737,18
2,1.0,0.0015356290741338039,0.550000011920929,1.5205103628179422,19
2,1.0,0.0013368738499687774,0.550000011920929,1.5481313114861974,20
2,1.0,0.0011774828237116274,0.550000011920929,1.573490649442384,21
2,1.0,0.0010481866888217414,0.550000011920929,1.5967702428347645,22
2,1.0,0.0009422002757451919,0.550000011920929,1.6181385570027162,23
2,1.0,0.0008544871299316145,0.550000011920929,1.6377512086280464,24
2,1.0,0.0007812599596567675,0.550000011920929,1.6557519171778325,25
2,1.0,0.0007196353603176687,0.550000011920929,1.6722730668972192,26
2,1.0,0.0006673935711815667,0.550000011920929,1.6874366450517835,27
2,1.0,0.0006228070812378592,0.550000011920929,1.7013549776044945,28
2,1.0,0.0005845182463425287,0.550000011920929,1.7141313935724065,29
2,1.0,0.0005514499553434084,0.550000011920929,1.7258608819962422,30
2,1.0,0.0005227403476802995,0.550000011920929,1.7366308324564643,31
2,1.0,0.000497693857510388,0.550000011920929,1.746521591207194,32
2,1.0,0.00047574490716102984,0.550000011920929,1.755606948669622,33
2,1.0,0.00045643018715649085,0.550000011920929,1.7639547371724904,34
2,1.0,0.00043936745408438557,0.550000011920929,1.771627214990685,35
2,1.0,0.0004242394707258118,0.550000011920929,1.7786815834477652,36
2,1.0,0.00041078116000561806,0.550000011920929,1.785170381626646,37
2,1.0,0.0003987698120890475,0.550000011920929,1.7911417742283202,38
2,1.0,0.00038801728815688653,0.550000011920929,1.7966400235987965,39
2,1.0,0.00037836380463132104,0.550000011920929,1.8017056594421774,40
2,1.0,0.0003696730985804828,0.550000011920929,1.806375925386302,41
2,1.0,0.00036182823100709834,0.550000011920929,1.8106848819151775,42
2,1.0,0.0003547286571126114,0.550000011920929,1.814663846011134,43
2,1.0,0.0003482873891488615,0.550000011920929,1.8183414494951282,44
2,1.0,0.000342428947189272,0.550000011920929,1.8217440287341726,45
2,1.0,0.00033708755279604887,0.550000011920929,1.824895486374922,46
2,1.0,0.00033220594980762927,0.550000011920929,1.8278179169386974,47
2,1.0,0.0003277337360802642,0.550000011920929,1.8305314921371507,48
2,1.0,0.00032362669732561113,0.550000011920929,1.8330546134009182,49
2,1.0,0.0003198458798383825,0.550000011920929,1.8354041593945238,50
2,1.0,0.00031635686361655723,0.550000011920929,1.837595561957561,51
2,1.0,0.0003131292223459772,0.550000011920929,1.83964294015225,52
2,1.0,0.0003101358325675,0.550000011920929,1.8415591377326592,53
2,1.0,0.00030735275034568727,0.550000011920929,1.8433560030268197,54
2,1.0,0.0003047584692130896,0.550000011920929,1.8450442671037883,55
2,1.0,0.0003023339574038554,0.550000011920929,1.8466337622537095,56
2,1.0,0.0003000621268056117,0.550000011920929,1.848133520732884,57
2,1.0,0.00029792767651456515,0.550000011920929,1.8495516824963543,58
2,1.0,0.0002959169842170053,0.550000011920929,1.8508957589103403,59
2,1.0,0.0002940177383205204,0.550000011920929,1.852172539169207,60
2,1.0,0.00029221899909977363,0.550000011920929,1.853388264833174,61
2,1.0,0.00029051087004382855,0.550000011920929,1.8545486593921,62
2,1.0,0.00028888439974276124,0.550000011920929,1.8556588839168775,63
2,1.0,0.0002873315850850189,0.550000011920929,1.8567236031858658,64
2,1.0,0.00028584530865613566,0.550000011920929,1.8577471223730402,65
2,1.0,0.00028441906071260785,0.550000011920929,1.8587334558747437,66
2,1.0,0.00028304689640211173,0.550000011920929,1.859686089692489,67
2,1.0,0.0002817236351019414,0.550000011920929,1.8606082809247537,68
2,1.0,0.00028044451463266285,0.550000011920929,1.861503015740388,69
2,1.0,0.00027920519167168767,0.550000011920929,1.8623729214552822,70
2,1.0,0.0002780018888239871,0.550000011920929,1.8632205467271912,71
2,1.0,0.0002768309820301711,0.550000011920929,1.864048058164331,72
2,1.0,0.00027568940872238544,0.550000011920929,1.8648574995862228,73
2,1.0,0.00027457431578287807,0.550000011920929,1.8656506975340046,74
2,1.0,0.00027348311674462393,0.550000011920929,1.8664293209114726,75
2,1.0,0.0002724135132566073,0.550000011920929,1.8671949210294674,76
2,1.0,0.00027136336958808187,0.550000011920929,1.8679488740165813,77
2,1.0,0.00027033080848500236,0.550000011920929,1.8686924172517116,78
2,1.0,0.0002693141228672129,0.550000011920929,1.8694266214624304,79
2,1.0,0.00026831186885815906,0.550000011920929,1.8701526125431889,80
2,1.0,0.00026732253814222193,0.550000011920929,1.8708713286909306,81
2,1.0,0.0002663449210404058,0.550000011920929,1.8715835815100068,82
2,1.0,0.00026537788359326444,0.550000011920929,1.8722901180708946,83
2,1.0,0.0002644204581714298,0.550000011920929,1.872991703763915,84
2,1.0,0.00026347166433758206,0.550000011920929,1.8736888628260793,85
2,1.0,0.00026253076234402295,0.550000011920929,1.8743822713761802,86
2,1.0,0.00026159691785002266,0.550000011920929,1.8750723684779267,87
2,1.0,0.00026066957475982355,0.550000011920929,1.8757596913788013,88
2,1.0,0.00025974802100510913,0.550000011920929,1.8764446023824233,89
2,1.0,0.0002588318045436615,0.550000011920929,1.8771274672466813,90
2,1.0,0.0002579204394431713,0.550000011920929,1.8778086693037326,91
2,1.0,0.0002570134765314782,0.550000011920929,1.8784885203928756,92
2,1.0,0.0002561105109380387,0.550000011920929,1.8791672660853533,93
2,1.0,0.0002552112415099015,0.550000011920929,1.8798451438109265,94
2,1.0,0.00025431536292032765,0.550000011920929,1.8805224182095606,95
2,1.0,0.0002534226112547904,0.550000011920929,1.8811992629887895,96
2,1.0,0.0002525327238602421,0.550000011920929,1.88187586235011,97
2,1.0,0.00025164547943324955,0.550000011920929,1.8825523681463676,98
2,1.0,0.00025076068333361576,0.550000011920929,1.883228925290545,99
2,1.0,0.0002498782204285204,0.550000011920929,1.8839056622391397,100
5,0.800000011920929,0.6700131012582883,0.7999999523162842,0.5956265733460667,1
5,0.800000011920929,0.5565745820524967,0.8199999928474426,0.5345315859955645,2
5,1.0,0.4668815216942254,0.9399999976158142,0.4752272988927056,3
5,1.0,0.39083897066030465,0.9699999690055847,0.41845252799341076,4
5,1.0,0.32464731789511286,0.9699999690055847,0.36675057134688105,5
5,1.0,0.26777029621247883,0.9699999690055847,0.32199577645570043,6
5,1.0,0.22019490149920276,0.9799999594688416,0.28477346718943997,7
5,1.0,0.18136633363198157,0.9799999594688416,0.25455806726247465,8
5,1.0,0.15012374587189597,0.9799999594688416,0.2302025242085309,9
5,1.0,0.1250443111400287,0.9799999594688416,0.21042643660371702,10
5,1.0,0.10479332503453156,0.9699999690055847,0.1941212950952116,11
5,1.0,0.08829946221194056,0.9699999690055847,0.18045264172987474,12
5,1.0,0.07476713596883706,0.9699999690055847,0.16883644657492342,13
5,1.0,0.06361378013800065,0.9699999690055847,0.15887176797461122,14
5,1.0,0.054400110046718145,0.9699999690055847,0.15027625941551023,15
5,1.0,0.04677999007173591,0.9699999690055847,0.14283988778304538,16
5,1.0,0.04047099129940748,0.9599999785423279,0.13639648236031285,17
5,1.0,0.03523865125023836,0.9599999785423279,0.1308079768777181,18
5,1.0,0.03088778674564532,0.9599999785423279,0.12595622948602925,19
5,1.0,0.027256765618058645,0.9599999785423279,0.12173887825205171,20
5,1.0,0.02421286358829407,0.9599999785423279,0.11806705860175684,21
5,1.0,0.0216479733839111,0.9599999785423279,0.11486388442468634,22
5,1.0,0.019474626273838173,0.9599999785423279,0.11206317296921224,23
5,1.0,0.01762235497675782,0.9599999785423279,0.1096082438485131,24
5,1.0,0.01603451029119395,0.9599999785423279,0.10745074944933705,25
5,1.0,0.014665557247575062,0.9599999785423279,0.10554956469492101,26
5,1.0,0.013478825876328943,0.9599999785423279,0.1038697326866855,27
5,1.0,0.012444691058767141,0.9599999785423279,0.10238154449281005,28
5,1.0,0.011539112599284487,0.9599999785423279,0.10105970227640172,29
5,1.0,0.01074247608061773,0.9599999785423279,0.09988261702725179,30
5,1.0,0.010038684552762443,0.9599999785423279,0.09883179652256768,31
5,1.0,0.009414446653648536,0.9599999785423279,0.09789134568069362,32
5,1.0,0.008858713998922482,0.9599999785423279,0.09704754628905544,33
5,1.0,0.00836224484001114,0.9599999785423279,0.09628850021776524,34
5,1.0,0.007917264585231527,0.9599999785423279,0.0956038579921739,35
5,1.0,0.007517187730318395,0.9599999785423279,0.09498458514739834,36
5,1.0,0.007156412772565396,0.9599999785423279,0.09442275114030924,37
5,1.0,0.006830142576426989,0.9599999785423279,0.09391140380841949,38
5,1.0,0.0065342552299488925,0.9599999785423279,0.09344440921201681,39
5,1.0,0.006265192166090287,0.9599999785423279,0.0930163695778107,40
5,1.0,0.006019869193712839,0.9599999785423279,0.09262251308693363,41
5,1.0,0.005795603538255825,0.9599999785423279,0.09225863157710162,42
5,1.0,0.0055900553115031774,0.9599999785423279,0.09192100214848983,43
5,1.0,0.0054011758520159546,0.9599999785423279,0.0916063513111978,44
5,1.0,0.005227171858884112,0.9599999785423279,0.09131179354131903,45
5,1.0,0.005066464320821638,0.9599999785423279,0.09103478617478043,46
5,1.0,0.004917663553747051,0.9599999785423279,0.09077310140704022,47
5,1.0,0.004779544172224085,0.9599999785423279,0.09052479890498762,48
5,1.0,0.004651023798340183,0.9599999785423279,0.0902881775182136,49
5,1.0,0.004531143307368329,0.9599999785423279,0.09006176038968733,50
5,1.0,0.004419054801335586,0.9599999785423279,0.0898442732916843,51
5,1.0,0.004314003871448837,0.9599999785423279,0.08963460524669511,52
5,1.0,0.004215323598854245,0.9599999785423279,0.08943182020467763,53
5,1.0,0.004122417500441261,0.9599999785423279,0.08923511580585633,54
5,1.0,0.0040347584527453155,0.9599999785423279,0.08904379631604734,55
5,1.0,0.003951872776005612,0.9599999785423279,0.08885729307040706,56
5,1.0,0.003873340954871333,0.9599999785423279,0.08867512605226327,57
5,1.0,0.003798785484673394,0.9599999785423279,0.08849687544883128,58
5,1.0,0.0037278715020820936,0.9599999785423279,0.08832221765269066,59
5,1.0,0.003660296777928024,0.9599999785423279,0.088150879211498,60
5,1.0,0.0035957927862093793,0.9599999785423279,0.08798263932831711,61
5,1.0,0.003534116083862289,0.9599999785423279,0.08781731284226985,62
5,1.0,0.0034750480167644662,0.9599999785423279,0.08765476018869219,63
5,1.0,0.003418393200117384,0.9599999785423279,0.08749486095995013,64
5,1.0,0.003363973645999225,0.9599999785423279,0.08733753064521416,65
5,1.0,0.003311628952347768,0.9599999785423279,0.08718269582192076,66
5,1.0,0.003261215086058672,0.9599999785423279,0.08703030210690994,67
5,1.0,0.003212599818330283,0.9599999785423279,0.08688030734793394,68
5,1.0,0.0031656632326302198,0.9599999785423279,0.08673267961470009,69
5,1.0,0.0031202972494587243,0.9599999785423279,0.08658739365613836,70
5,1.0,0.0030764033015648813,0.9599999785423279,0.08644442186184467,71
5,1.0,0.0030338892846473557,0.9599999785423279,0.08630374167113923,72
5,1.0,0.0029926733738323656,0.9599999785423279,0.08616533979529933,73
5,1.0,0.002952680747985126,0.9599999785423279,0.0860292004019009,74
5,1.0,0.0029138397478974524,0.9599999785423279,0.08589530410281938,75
5,1.0,0.0028760886195987496,0.9599999785423279,0.08576363551310554,76
5,1.0,0.0028393669201272047,0.9599999785423279,0.08563417439695067,77
5,1.0,0.0028036212692590426,0.9599999785423279,0.08550689965658989,78
5,1.0,0.0027688013005215495,0.9599999785423279,0.08538178425189873,79
5,1.0,0.0027348609919952377,0.9599999785423279,0.08525880139846269,80
5,1.0,0.0027017568978224453,0.9599999785423279,0.08513793702614036,81
5,1.0,0.002669450617363084,0.9599999785423279,0.08501914859841403,82
5,1.0,0.0026379051809160715,0.9599999785423279,0.08490240338504558,83
5,1.0,0.0026070849975099587,0.9599999785423279,0.08478768036006397,84
5,1.0,0.0025769591697668627,0.9599999785423279,0.08467493819686306,85
5,1.0,0.0025474990874396453,0.9599999785423279,0.08456414228803837,86
5,1.0,0.0025186758555632047,0.9599999785423279,0.08445525729411182,87
5,1.0,0.0024904642825333586,0.9599999785423279,0.08434824695408968,88
5,1.0,0.0024628405342319694,0.9599999785423279,0.08424307008733138,89
5,1.0,0.0024357817647814896,0.9599999785423279,0.08413969288147317,90
5,1.0,0.0024092668351899616,0.9599999785423279,0.08403806911446018,91
5,1.0,0.0023832773044117498,0.9599999785423279,0.0839381635364733,92
5,1.0,0.002357792899096909,0.9599999785423279,0.08383993472417477,93
5,1.0,0.0023327974459735694,0.9599999785423279,0.08374334011817636,94
5,1.0,0.0023082733219567005,0.9599999785423279,0.08364834636779334,95
5,1.0,0.0022842058692606076,0.9599999785423279,0.08355490854836874,96
5,1.0,0.002260580419529718,0.9599999785423279,0.08346299843513523,97
5,1.0,0.002237382936459516,0.9599999785423279,0.08337257359013489,98
5,1.0,0.002214601079651901,0.9599999785423279,0.08328359001924303,99
5,1.0,0.0021922216247447306,0.9599999785423279,0.08319602034934953,100
5,0.800000011920929,0.6637334310968646,0.6100000143051147,0.5885875058306231,1
5,0.800000011920929,0.49291767758314126,0.5399999618530273,0.5470490466070177,2
5,0.800000011920929,0.3760867015295011,0.5299999713897705,0.5267157977383217,3
5,0.800000011920929,0.2995634249312437,0.5299999713897705,0.5154346418461165,4
5,0.800000011920929,0.24800052091904878,0.5399999618530273,0.504554730861882,5
5,0.800000011920929,0.2099504064800689,0.5699999928474426,0.4898664785645233,6
5,1.0,0.178922848602277,0.5899999737739563,0.4702861562972253,7
5,1.0,0.15193100695251976,0.6299999952316284,0.44644066128122706,8
5,1.0,0.12791513364631776,0.6599999666213989,0.41970752885152723,9
5,1.0,0.10667766944887763,0.699999988079071,0.39164177624069785,10
5,1.0,0.08827597312658536,0.7799999713897705,0.36365413485303505,11
5,1.0,0.07272437100492038,0.8100000023841858,0.33685138254259495,12
5,1.0,0.05989154910842709,0.8499999642372131,0.31198659406965534,13
5,1.0,0.049509163223085406,0.8700000047683716,0.28948245371623904,14
5,1.0,0.041227782704447,0.8999999761581421,0.2694950094248062,15
5,1.0,0.03467737766217942,0.9199999570846558,0.2519902593568251,16
5,1.0,0.029511388105059662,0.9300000071525574,0.2368152617470956,17
5,1.0,0.02543020183430212,0.949999988079071,0.2237543055046064,18
5,1.0,0.022188296929996923,0.949999988079071,0.21256842710566382,19
5,1.0,0.019591540620096663,0.949999988079071,0.20302049137733658,20
5,1.0,0.017489966779264936,0.9599999785423279,0.19488925463781356,21
5,1.0,0.015769358319480294,0.9599999785423279,0.18797599590257627,22
5,1.0,0.014343384642486813,0.9599999785423279,0.1821065661089338,23
5,1.0,0.013146988499905707,0.9599999785423279,0.17713068770807322,24
5,1.0,0.012131114022161117,0.9599999785423279,0.172920017453314,25
5,1.0,0.011258655364308237,0.9599999785423279,0.16936555255035188,26
5,1.0,0.010501401832877502,0.9599999785423279,0.16637502633572587,27
5,1.0,0.009837766554809113,0.9599999785423279,0.16387037966026916,28
5,1.0,0.00925109975941,0.9599999785423279,0.16178554317023697,29
5,1.0,0.008728452542829305,0.9599999785423279,0.16006448027441436,30
5,1.0,0.00825965681780171,0.9599999785423279,0.15865954202212768,31
5,1.0,0.007836650818480529,0.9599999785423279,0.157530079881128,32
5,1.0,0.007452974967633883,0.9599999785423279,0.15664126729952266,33
5,1.0,0.0071034003091982436,0.9599999785423279,0.15596314148796112,34
5,1.0,0.0067836453593283184,0.9599999785423279,0.15546983691182967,35
5,1.0,0.006490169049497448,0.9599999785423279,0.15513888576656348,36
5,1.0,0.0062200103131571085,0.9599999785423279,0.15495071548950315,37
5,1.0,0.005970668411389324,0.9599999785423279,0.15488818208546165,38
5,1.0,0.005740009602875517,0.9599999785423279,0.15493620099236155,39
5,1.0,0.005526197139362592,0.9599999785423279,0.15508146337312478,40
5,1.0,0.0053276356691046665,0.9599999785423279,0.15531217119291196,41
5,1.0,0.005142928819011221,0.9599999785423279,0.15561782106491084,42
5,1.0,0.004970846120120554,0.9599999785423279,0.15598903310331522,43
5,1.0,0.004810294016841248,0.9599999785423279,0.15641742800383315,44
5,1.0,0.004660298715953243,0.9599999785423279,0.15689546130806659,45
5,1.0,0.004519984869817544,0.9599999785423279,0.15741639052958584,46
5,1.0,0.004388565639584512,0.9599999785423279,0.1579740918677595,47
5,1.0,0.004265327804858227,0.9599999785423279,0.1585630749546919,48
5,1.0,0.004149624602577776,0.9599999785423279,0.1591783607261831,49
5,1.0,0.004040867420278469,0.9599999785423279,0.15981546355421167,50
5,1.0,0.003938519559383607,0.9599999785423279,0.1604703209610676,51
5,1.0,0.003842089395408494,0.9599999785423279,0.16113927009454102,52
5,1.0,0.003751128179303046,0.9599999785423279,0.16181900615334002,53
5,1.0,0.0036652237153433766,0.9599999785423279,0.1625065330795728,54
5,1.0,0.0035839966381870803,0.9599999785423279,0.16319916507563123,55
5,1.0,0.0035070990362741626,0.9599999785423279,0.1638944900692611,56
5,1.0,0.0034342115288039307,0.9599999785423279,0.16459032884375913,57
5,1.0,0.003365038649650319,0.9599999785423279,0.16528475536197593,58
5,1.0,0.0032993093740283767,0.9599999785423279,0.16597602126800431,59
5,1.0,0.003236773002552106,0.9599999785423279,0.16666259792230415,60
5,1.0,0.003177199038086199,0.9599999785423279,0.167343130317579,61
5,1.0,0.0031203752255662383,0.9599999785423279,0.16801642934139224,62
5,1.0,0.003066105838877733,0.9599999785423279,0.16868144310880298,63
5,1.0,0.0030142093425419925,0.9599999785423279,0.1693372715670406,64
5,1.0,0.0029645192009631026,0.9599999785423279,0.1699831370291321,65
5,1.0,0.0029168818007515754,0.9599999785423279,0.1706183861822822,66
5,1.0,0.0028711551600799474,0.9599999785423279,0.17124245717110653,67
5,1.0,0.0028272082422581405,0.9599999785423279,0.17185490863399136,68
5,1.0,0.002784920635065976,0.9599999785423279,0.1724553746111381,69
5,1.0,0.0027441811562658224,0.9599999785423279,0.1730435715301551,70
5,1.0,0.002704887265363929,0.9599999785423279,0.17361929217881902,71
5,1.0,0.0026669440989130926,0.949999988079071,0.17418240611934985,72
5,1.0,0.002630264747139124,0.949999988079071,0.1747328387369706,73
5,1.0,0.0025947686719835165,0.949999988079071,0.17527056537407412,74
5,1.0,0.0025603816914641663,0.949999988079071,0.17579560778458334,75
5,1.0,0.0025270355943885154,0.949999988079071,0.17630804494440358,76
5,1.0,0.002494667680083528,0.949999988079071,0.17680798935520806,77
5,1.0,0.002463219733195592,0.949999988079071,0.17729556711195854,78
5,1.0,0.002432637507115353,0.949999988079071,0.17777098682042755,79
5,1.0,0.0024028728205098006,0.949999988079071,0.17823443708114034,80
5,1.0,0.0023738795227710996,0.949999988079071,0.17868614096770777,81
5,1.0,0.002345615515570791,0.949999988079071,0.17912636119787187,82
5,1.0,0.0023180424341302792,0.949999988079071,0.1795553526232529,83
5,1.0,0.0022911242767659425,0.949999988079071,0.17997339086382766,84
5,1.0,0.0022648281521375053,0.949999988079071,0.18038076740322725,85
5,1.0,0.0022391235126549822,0.949999988079071,0.18077779366240607,86
5,1.0,0.002213982540005812,0.9399999976158142,0.1811647557695088,87
5,1.0,0.0021893785700959124,0.9399999976158142,0.18154197137359077,88
5,1.0,0.0021652874631008234,0.9399999976158142,0.1819097710329129,89
5,1.0,0.002141687593438533,0.9399999976158142,0.1822684466774367,90
5,1.0,0.0021185573925503,0.9399999976158142,0.1826183350536352,91
5,1.0,0.0020958780404148622,0.9399999976158142,0.1829597463697759,92
5,1.0,0.0020736318367950246,0.9399999976158142,0.18329298802709357,93
5,1.0,0.002051801970173447,0.9399999976158142,0.18361837854819488,94
5,1.0,0.0020303731259986688,0.9399999976158142,0.18393622112599153,95
5,1.0,0.0020093307858962497,0.9399999976158142,0.18424681014879782,96
5,1.0,0.001988661334617027,0.9399999976158142,0.18455045394205322,97
5,1.0,0.0019683524940682195,0.9399999976158142,0.18484743890685862,98
5,1.0,0.001948392556818711,0.9399999976158142,0.18513803723757188,99
5,1.0,0.001928769965764597,0.9399999976158142,0.18542254460418228,100
10,0.9000000357627869,0.6613415180176778,0.7999999523162842,0.5770017257070751,1
10,1.0,0.5372638559527478,0.8100000023841858,0.5113592190440842,2
10,0.9000000357627869,0.44720151539564856,0.8499999642372131,0.4559335273990912,3
10,0.9000000357627869,0.3789736832150523,0.9199999570846558,0.4036713059992168,4
10,0.9000000357627869,0.3219596403981191,0.9300000071525574,0.35366748492259686,5
10,1.0,0.27192701297847294,0.9399999976158142,0.30739697208912187,6
10,1.0,0.22806955936587991,0.949999988079071,0.2663588438100457,7
10,1.0,0.19043848849401482,0.9899999499320984,0.23133483852301012,8
10,1.0,0.15894115881473533,0.9899999499320984,0.20231683466772432,9
10,1.0,0.13311764974988863,0.9899999499320984,0.17871974713145947,10
10,1.0,0.11222738181921797,0.9899999499320984,0.15966268582801957,11
10,1.0,0.09541504509878243,1.0,0.14420438104697447,12
10,1.0,0.0818521364142588,1.0,0.13149247627680669,13
10,1.0,0.07082118913750414,1.0,0.12083180308263387,14
10,1.0,0.061746491910307136,1.0,0.11169606069173316,15
10,1.0,0.054189122119133654,1.0,0.10370843027069183,16
10,1.0,0.04782443157771737,1.0,0.09661010850771104,17
10,1.0,0.04241497309515452,1.0,0.09022813836778722,18
10,1.0,0.03778595921282176,1.0,0.08444794298242529,19
10,1.0,0.03380597607419736,1.0,0.0791923473715259,20
10,1.0,0.03037317647550928,1.0,0.07440677809750086,21
10,1.0,0.027406003696216086,1.0,0.07004956474480373,22
10,1.0,0.024837235813725933,1.0,0.06608600426553755,23
10,1.0,0.02261027130031122,1.0,0.062485040867164894,24
10,1.0,0.020676792089284298,1.0,0.05921759761565506,25
10,1.0,0.018995267853842968,1.0,0.056255890197585964,26
10,1.0,0.017529919713105246,1.0,0.0535732726578795,27
10,1.0,0.016249932261463648,1.0,0.051144333700864825,28
10,1.0,0.015128825643087238,1.0,0.048945068932000506,29
10,1.0,0.014143905194863502,1.0,0.04695303079785759,30
10,1.0,0.013275768225181528,1.0,0.04514744611717024,31
10,1.0,0.012507867019373078,1.0,0.04350925917146482,32
10,1.0,0.011826115394053741,1.0,0.042021136011578884,33
10,1.0,0.01121853861107922,1.0,0.04066741102831186,34
10,1.0,0.010674958629484484,1.0,0.03943399994414207,35
10,1.0,0.010186736083947469,1.0,0.038308300770631694,36
10,1.0,0.00974652796960847,1.0,0.03727907045642415,37
10,1.0,0.009348089182101877,1.0,0.03633630721069002,38
10,1.0,0.008986106201848284,1.0,0.035471126177242074,39
10,1.0,0.008656045800537563,1.0,0.034675639485110515,40
10,1.0,0.008354037295104597,1.0,0.03394285173255182,41
10,1.0,0.008076765635378624,1.0,0.03326655079489596,42
10,1.0,0.007821386122693456,1.0,0.032641215541806545,43
10,1.0,0.007585446763827865,1.0,0.032061938567558554,44
10,1.0,0.0073668356145528725,1.0,0.03152434368376562,45
10,1.0,0.007163717982659832,1.0,0.031024523564643962,46
10,1.0,0.006974502774193248,1.0,0.030558979785026353,47
10,1.0,0.006797799375918909,1.0,0.030124575335199105,48
10,1.0,0.006632392603149781,1.0,0.029718486206567134,49
10,1.0,0.006477211366128641,1.0,0.02933816578292553,50
10,1.0,0.006331313165001827,1.0,0.028981313774933706,51
10,1.0,0.0061938633464645836,1.0,0.028645843320895564,52
10,1.0,0.0060641202373288485,1.0,0.028329856985757018,53
10,1.0,0.005941419895234535,1.0,0.02803163170795039,54
10,1.0,0.005825171131012285,1.0,0.027749594326301894,55
10,1.0,0.005714841028583516,1.0,0.027482307527388623,56
10,1.0,0.005609951491500128,1.0,0.027228460480637443,57
10,1.0,0.005510069740750569,1.0,0.02698685173994473,58
10,1.0,0.00541480432827801,1.0,0.02675638507376851,59
10,1.0,0.005323800454379836,1.0,0.026536053803138372,60
10,1.0,0.005236734738530995,1.0,0.026324939367396372,61
10,1.0,0.005153312826374091,1.0,0.02612220351424475,62
10,1.0,0.005073268680067706,1.0,0.025927078813841355,63
10,1.0,0.0049963556828386295,1.0,0.025738866159669662,64
10,1.0,0.004922350995483104,1.0,0.02555692956921949,65
10,1.0,0.004851050348931724,1.0,0.025380692726829607,66
10,1.0,0.004782267060892603,1.0,0.02520962999483871,67
10,1.0,0.00471582942278207,1.0,0.025043268467617636,68
10,1.0,0.0046515810727153105,1.0,0.024881180823850296,69
10,1.0,0.004589378194872486,1.0,0.02472298369831611,70
10,1.0,0.004529088510520441,1.0,0.024568332752075595,71
10,1.0,0.004470593332808834,1.0,0.02441692021220181,72
10,1.0,0.004413780723085436,1.0,0.024268471758887595,73
10,1.0,0.004358550975637988,1.0,0.02412274655717104,74
10,1.0,0.004304809445110911,1.0,0.023979530190511227,75
10,1.0,0.004252473407842137,1.0,0.023838631946708357,76
10,1.0,0.004201462588853085,1.0,0.023699888062597478,77
10,1.0,0.004151706546307464,1.0,0.023563154636212388,78
10,1.0,0.004103139599244002,1.0,0.023428307603507514,79
10,1.0,0.004055701826299842,1.0,0.023295238575724523,80
10,1.0,0.004009337460213316,1.0,0.02316385584009737,81
10,1.0,0.0039639956023477755,1.0,0.0230340805058981,82
10,1.0,0.003919629290597147,1.0,0.02290584439212804,83
10,1.0,0.0038761952458627475,1.0,0.02277909158924168,84
10,1.0,0.0038336540681535346,1.0,0.022653774696470876,85
10,1.0,0.003791968557341552,1.0,0.022529853479911183,86
10,1.0,0.0037511039019550124,1.0,0.022407295072926856,87
10,1.0,0.003711029238791741,1.0,0.022286072372450453,88
10,1.0,0.0036717150351891882,1.0,0.02216616213070573,89
10,1.0,0.0036331334345260247,1.0,0.022047546634927334,90
10,1.0,0.0035952592521088416,1.0,0.021930208480121578,91
10,1.0,0.0035580683587290995,1.0,0.021814137041858556,92
10,1.0,0.0035215379815344977,1.0,0.02169932102132278,93
10,1.0,0.003485648137925778,1.0,0.021585750196259454,94
10,1.0,0.0034503784824841165,1.0,0.02147341576776661,95
10,1.0,0.003415710129611948,1.0,0.021362311769183413,96
10,1.0,0.0033816262657959447,1.0,0.02125243064765479,97
10,1.0,0.003348109601146121,1.0,0.02114376460358542,98
10,1.0,0.0033151445669320823,1.0,0.02103630700180365,99
10,1.0,0.003282715882099388,1.0,0.02093005063448546,100
10,0.699999988079071,0.6599054095528585,0.85999995470047,0.5741071095634169,1
10,1.0,0.5695382587905509,0.8999999761581421,0.5011625421113614,2
10,1.0,0.4922370782087111,0.9599999785423279,0.4382572993554247,3
10,1.0,0.4251971241053527,0.9599999785423279,0.3836917849519804,4
10,1.0,0.3673897862310754,0.9699999690055847,0.3366838567490039,5
10,1.0,0.3181800891431603,0.9699999690055847,0.29666824701294203,6
10,1.0,0.2766865188088209,0.9799999594688416,0.26300948057340917,7
10,1.0,0.24171549912301504,0.9799999594688416,0.2349800595705364,8
10,1.0,0.21205445927896244,0.9799999594688416,0.21185810560038257,9
10,1.0,0.18672104450647717,0.9799999594688416,0.19298277622904095,10
10,1.0,0.16498861368413867,0.9799999594688416,0.17774302524744529,11
10,1.0,0.14630889067116745,0.9799999594688416,0.16555671358839638,12
10,1.0,0.1302380611463892,0.9699999690055847,0.15586979718859112,13
10,1.0,0.11639489905660048,0.9699999690055847,0.14817206312832368,14
10,1.0,0.10444489708395857,0.9699999690055847,0.1420164906292446,15
10,1.0,0.09409732754170619,0.9699999690055847,0.13703229665090239,16
10,1.0,0.08510505550357683,0.9599999785423279,0.13292802655007843,17
10,1.0,0.07726234444772771,0.9599999785423279,0.12948570370297055,18
10,1.0,0.07039987261204368,0.9599999785423279,0.1265494114321905,19
10,1.0,0.06437825444177066,0.9599999785423279,0.1240117778303517,20
10,1.0,0.059081616411222004,0.9599999785423279,0.12180090214519627,21
10,1.0,0.054412214693878615,0.9599999785423279,0.11986913672958602,22
10,1.0,0.05028642912533801,0.9599999785423279,0.11818422631148566,23
10,1.0,0.04663204956021012,0.9599999785423279,0.11672287007832705,24
10,1.0,0.04338647174083352,0.9599999785423279,0.11546621332859108,25
10,1.0,0.04049545398053701,0.9599999785423279,0.11439702884941612,26
10,1.0,0.03791218607126177,0.9599999785423279,0.11349806968071655,27
10,1.0,0.03559644947824643,0.9599999785423279,0.11275128662337762,28
10,1.0,0.0335138418940286,0.9599999785423279,0.11213763020797421,29
10,1.0,0.03163500451054126,0.9599999785423279,0.11163722192874177,30
10,1.0,0.029934884697940624,0.9599999785423279,0.11122972585932127,31
10,1.0,0.02839206287618974,0.9599999785423279,0.11089488251287169,32
10,1.0,0.026988147737596935,0.9599999785423279,0.1106130276898865,33
10,1.0,0.025707267942565854,0.9599999785423279,0.11036559281849768,34
10,1.0,0.024535651177427616,0.9599999785423279,0.11013558098839067,35
10,1.0,0.023461278212189986,0.9599999785423279,0.10990793248115394,36
10,1.0,0.02247361732900306,0.9599999785423279,0.10966976314608573,37
10,1.0,0.021563403747293097,0.9599999785423279,0.10941055803191936,38
10,1.0,0.02072248400804636,0.9599999785423279,0.10912220037468123,39
10,1.0,0.019943668064146425,0.9599999785423279,0.10879893495646054,40
10,1.0,0.019220606043590018,0.9599999785423279,0.10843723026263394,41
10,1.0,0.018547707961490134,0.949999988079071,0.1080355828628145,42
10,1.0,0.017920035541628545,0.949999988079071,0.10759426987477105,43
10,1.0,0.01733323757939666,0.949999988079071,0.1071150611897016,44
10,1.0,0.01678346795697717,0.949999988079071,0.10660093751868845,45
10,1.0,0.01626733080170542,0.949999988079071,0.10605577201822726,46
10,1.0,0.015781811969725817,0.949999988079071,0.10548405677865691,47
10,1.0,0.015324236091646824,0.949999988079071,0.10489065429972787,48
10,1.0,0.014892222471984243,0.9599999785423279,0.10428056146966486,49
10,1.0,0.014483639885825884,0.9599999785423279,0.10365870727281476,50
10,1.0,0.014096581285502103,0.9599999785423279,0.10302979799569503,51
10,1.0,0.013729331573512785,0.9599999785423279,0.10239821310778414,52
10,1.0,0.013380354843677023,0.9599999785423279,0.10176790534050346,53
10,1.0,0.013048258564364186,0.9599999785423279,0.10114232992188227,54
10,1.0,0.012731793430686875,0.9599999785423279,0.10052445090578889,55
10,1.0,0.012429833867350552,0.9599999785423279,0.09991669978734968,56
10,1.0,0.012141366909470062,0.9599999785423279,0.09932103064018635,57
10,1.0,0.011865477177841243,0.9599999785423279,0.09873890891657508,58
10,1.0,0.0116013427230308,0.9599999785423279,0.09817139220116204,59
10,1.0,0.01134822485371173,0.9599999785423279,0.0976191633910097,60
10,1.0,0.011105454542546246,0.9599999785423279,0.09708257980888883,61
10,1.0,0.01087242550146522,0.9599999785423279,0.09656174281470704,62
10,1.0,0.01064858787477762,0.9599999785423279,0.09605652806940088,63
10,1.0,0.01043343546848282,0.9599999785423279,0.09556667689210471,64
10,1.0,0.010226502045869678,0.9599999785423279,0.09509180817569929,65
10,1.0,0.010027360898920368,0.9599999785423279,0.0946314671217359,66
10,1.0,0.009835602843844066,0.9599999785423279,0.09418517639502028,67
10,1.0,0.0096508512647438,0.9599999785423279,0.09375242189861784,68
10,1.0,0.009472748180396522,0.9599999785423279,0.09333274029928941,69
10,1.0,0.009300956930766196,0.9599999785423279,0.09292565861684995,70
10,1.0,0.00913515486580809,0.9599999785423279,0.0925307563274744,71
10,1.0,0.008975039312584329,0.9599999785423279,0.0921476527024413,72
10,1.0,0.008820319423391577,0.9599999785423279,0.09177601140268238,73
10,1.0,0.008670724701843045,0.9599999785423279,0.09141551820205983,74
10,1.0,0.008525999104950688,0.9599999785423279,0.09106590874537812,75
10,1.0,0.008385899283713935,0.9599999785423279,0.09072693716576494,76
10,1.0,0.008250196275350606,0.9599999785423279,0.09039837680650935,77
10,1.0,0.008118675722281987,0.9599999785423279,0.0900800239349823,78
10,1.0,0.007991134767704229,0.9599999785423279,0.08977166977154259,79
10,1.0,0.007867385035324475,0.9599999785423279,0.08947311795511523,80
10,1.0,0.007747247587614451,0.9599999785423279,0.08918415207431331,81
10,1.0,0.007630554147807299,0.9599999785423279,0.08890455333010472,82
10,1.0,0.00751714536026473,0.9599999785423279,0.08863408558558078,83
10,1.0,0.0074068706798604365,0.9599999785423279,0.08837250357039349,84
10,1.0,0.007299588141899908,0.9599999785423279,0.08811953418126663,85
10,1.0,0.007195164876540351,0.9599999785423279,0.08787489337400295,86
10,1.0,0.007093475531226339,0.9599999785423279,0.08763825141883533,87
10,1.0,0.006994397286305337,0.9599999785423279,0.0874092819198797,88
10,1.0,0.006897816037113433,0.9599999785423279,0.08718764052814307,89
10,1.0,0.006803626179659622,0.9599999785423279,0.08697295717866282,90
10,1.0,0.006711722438710169,0.9599999785423279,0.0867648500774716,91
10,1.0,0.0066220098744148165,0.9599999785423279,0.08656291997874703,92
10,1.0,0.0065343942509384495,0.9599999785423279,0.08636677733310677,93
10,1.0,0.006448791708397384,0.9599999785423279,0.08617601684284934,94
10,1.0,0.00636511638555696,0.9599999785423279,0.0859902435779032,95
10,1.0,0.00628329270325077,0.9599999785423279,0.08580906068977905,96
10,1.0,0.006203246340511496,0.9599999785423279,0.08563207131650816,97
10,1.0,0.0061249055984863125,0.9599999785423279,0.08545889898750554,98
10,1.0,0.006048205757484673,0.9599999785423279,0.08528918905045388,99
10,1.0,0.005973083927854131,0.9599999785423279,0.08512258232499022,100
20,0.9000000357627869,0.6564425445494155,0.9799999594688416,0.5781262560155708,1
20,1.0,0.5601224535014234,0.9899999499320984,0.5019571659991162,2
20,1.0,0.47623572555302274,1.0,0.4351242277165097,3
20,1.0,0.4036466687975184,1.0,0.37714101303627773,4
20,1.0,0.34182783614570234,1.0,0.3273980831730087,5
20,1.0,0.2896673784659814,1.0,0.28513485238205827,6
20,1.0,0.245869676515986,1.0,0.24947868945749044,7
20,1.0,0.20929761733373575,1.0,0.21942803859476215,8
20,1.0,0.17888972661056632,1.0,0.1939847183565221,9
20,1.0,0.15363638183795525,1.0,0.17230296896509167,10
20,1.0,0.13263857161917664,1.0,0.15373822244592517,11
20,1.0,0.11514239273102866,1.0,0.13780779328005252,12
20,1.0,0.10052840431475939,1.0,0.124130820446745,13
20,1.0,0.08828568734904363,1.0,0.11238619196640706,14
20,1.0,0.07799116431169663,1.0,0.10229262109193571,15
20,1.0,0.069296328132744,1.0,0.0936019996802297,16
20,1.0,0.06191710252753118,1.0,0.0860975102586926,17
20,1.0,0.055623879714373325,1.0,0.07959224968910576,18
20,1.0,0.05023154715486764,1.0,0.0739270274280964,19
20,1.0,0.045590320430116474,1.0,0.0689675989301437,20
20,1.0,0.041578145058807046,1.0,0.06460175548028928,21
20,1.0,0.03809485459187121,1.0,0.060736481881258866,22
20,1.0,0.035057791333586816,1.0,0.05729529164236064,23
20,1.0,0.03239853315256329,1.0,0.05421570034781016,24
20,1.0,0.030060337894959134,1.0,0.05144688524187993,25
20,1.0,0.027996086986640568,1.0,0.048947516426085635,26
20,1.0,0.026166570753803478,1.0,0.04668384368134107,27
20,1.0,0.024539058598993194,1.0,0.044628053814641674,28
20,1.0,0.023086106028471103,1.0,0.04275692971986422,29
20,1.0,0.021784582974562924,1.0,0.04105077063133642,30
20,1.0,0.02061488122285482,1.0,0.039492588189967266,31
20,1.0,0.019560295515831327,1.0,0.03806749733269347,32
20,1.0,0.01860652169140126,1.0,0.03676229128195322,33
20,1.0,0.017741270106425955,1.0,0.03556513368208513,34
20,1.0,0.016953949951047063,1.0,0.03446533926685747,35
20,1.0,0.016235413558221837,1.0,0.03345322555653476,36
20,1.0,0.015577747374489585,1.0,0.03251999441134589,37
20,1.0,0.014974090357195833,1.0,0.03165764475911991,38
20,1.0,0.014418483841879246,1.0,0.030858904888899363,39
20,1.0,0.013905739464580007,1.0,0.030117174905308686,40
20,1.0,0.013431329252223524,1.0,0.029426476989352333,41
20,1.0,0.012991287339281905,1.0,0.028781407121996363,42
20,1.0,0.012582128104681237,1.0,0.02817710787949406,43
20,1.0,0.012200780566105435,1.0,0.027609227468494354,44
20,1.0,0.011844529804703675,1.0,0.027073891595164552,45
20,1.0,0.011510969847469387,1.0,0.026567667453352498,46
20,1.0,0.011197962095352551,1.0,0.026087539854726317,47
20,1.0,0.010903603453325793,1.0,0.02563087636974519,48
20,1.0,0.010626199490661193,1.0,0.025195395740509482,49
20,1.0,0.010364237216054204,1.0,0.02477914070020474,50
20,1.0,0.01011636938591529,1.0,0.024380427305819147,51
20,1.0,0.009881386555216125,1.0,0.02399783248452486,52
20,1.0,0.009658212175728736,1.0,0.02363014240172645,53
20,1.0,0.009445878728338544,1.0,0.023276328519424308,54
20,1.0,0.009243519608467695,1.0,0.02293551536286829,55
20,1.0,0.009050356304275017,1.0,0.02260695117623371,56
20,1.0,0.008865687812918478,1.0,0.022289982680482625,57
20,1.0,0.00868888183477132,1.0,0.021984030642665974,58
20,1.0,0.008519365763385215,1.0,0.0216885732038126,59
20,1.0,0.008356620566457721,1.0,0.021403137443071842,60
20,1.0,0.008200178707459566,1.0,0.021127273515054716,61
20,1.0,0.008049612118528726,1.0,0.020860554386976326,62
20,1.0,0.007904532054017628,1.0,0.0206025686125258,63
20,1.0,0.007764585292972519,1.0,0.020352915349720307,64
20,1.0,0.007629449464708684,1.0,0.02011120180733765,65
20,1.0,0.007498831573705994,1.0,0.019877038550147084,66
20,1.0,0.007372461614190852,1.0,0.019650048010404677,67
20,1.0,0.007250094890294422,1.0,0.01942985621232164,68
20,1.0,0.007131506487764218,1.0,0.019216101171594783,69
20,1.0,0.007016491273608667,1.0,0.019008431109910733,70
20,1.0,0.0069048598109007105,1.0,0.01880650880732801,71
20,1.0,0.006796438988072475,1.0,0.018610010531679405,72
20,1.0,0.006691068593361056,1.0,0.018418632916265745,73
20,1.0,0.00658860245749748,1.0,0.018232086536120146,74
20,1.0,0.006488902692058918,1.0,0.018050106223450553,75
20,1.0,0.006391844747875153,1.0,0.017872443315492967,76
20,1.0,0.006297310856220576,1.0,0.01769886998115653,77
20,1.0,0.006205191171182453,1.0,0.017529187774449423,78
20,1.0,0.006115386724532709,1.0,0.017363203780370377,79
20,1.0,0.006027800902869942,1.0,0.0172007559473321,80
20,1.0,0.0059423462650385105,1.0,0.017041696796401766,81
20,1.0,0.005858940173700846,1.0,0.016885898683930155,82
20,1.0,0.0057775059377282775,1.0,0.016733243239411305,83
20,1.0,0.005697969936484453,1.0,0.016583631081137966,84
20,1.0,0.005620264432707801,1.0,0.016436973788112975,85
20,1.0,0.005544324761282534,1.0,0.01629319256119829,86
20,1.0,0.005470090861612354,1.0,0.01615221530392734,87
20,1.0,0.005397504598869361,1.0,0.01601398243201673,88
20,1.0,0.005326513106396459,1.0,0.015878435320032747,89
20,1.0,0.00525706433741777,1.0,0.015745516439562617,90
20,1.0,0.005189108669359992,1.0,0.015615176124810224,91
20,1.0,0.0051226005831171186,1.0,0.015487363859234887,92
20,1.0,0.005057495398938616,1.0,0.015362029093478209,93
20,1.0,0.004993750789567863,1.0,0.015239125603244717,94
20,1.0,0.004931327402565355,1.0,0.015118600896223851,95
20,1.0,0.004870185272418642,1.0,0.015000407283939617,96
20,1.0,0.0048102887438129386,1.0,0.014884495539061873,97
20,1.0,0.004751602792583547,1.0,0.014770810182442235,98
20,1.0,0.004694092002000162,1.0,0.014659299696942223,99
20,1.0,0.0046377243882915605,1.0,0.014549914046244871,100
20,0.9000000357627869,0.6590352545914535,0.5399999618530273,0.6131834984732865,1
20,0.800000011920929,0.536829475690978,0.5299999713897705,0.5764864789552203,2
20,0.800000011920929,0.4515255328505437,0.5600000023841858,0.5451438904239795,3
20,0.800000011920929,0.3906268533628967,0.6200000047683716,0.5098530342173183,4
20,0.9000000357627869,0.34264395053103336,0.699999988079071,0.4672133795107752,5
20,0.949999988079071,0.3005826767124566,0.7999999523162842,0.41907393504293106,6
20,0.949999988079071,0.2621488264878577,0.8999999761581421,0.3692702041526596,7
20,0.949999988079071,0.22745160055629607,0.949999988079071,0.3214807447568826,8
20,0.949999988079071,0.1971785719675334,0.9599999785423279,0.2783095093498039,9
20,1.0,0.1717202563737936,0.9599999785423279,0.24109163916453902,10
20,1.0,0.15093168593496073,0.9599999785423279,0.21008652260294053,11
20,1.0,0.13422735755198187,0.9799999594688416,0.1848340276982527,12
20,1.0,0.12080039688112221,1.0,0.16451779998709462,13
20,1.0,0.10983202050271311,1.0,0.1482406869629822,14
20,1.0,0.10062419027982708,1.0,0.13518383763635647,15
20,1.0,0.09265159693978389,1.0,0.12467121375759414,16
20,1.0,0.08555856199468899,1.0,0.11617598713573331,17
20,1.0,0.07912776331795267,1.0,0.10929904272948254,18
20,1.0,0.0732401707627194,1.0,0.10373903633471049,19
20,1.0,0.06783784567628198,1.0,0.09926419987153835,20
20,1.0,0.06289483203409821,1.0,0.0956899635310667,21
20,1.0,0.05839723540224365,1.0,0.09286306652286282,22
20,1.0,0.05433140765506087,1.0,0.09065127934947369,23
20,1.0,0.05067827548065206,1.0,0.08893737972414506,24
20,1.0,0.04741181379477715,1.0,0.08761606830862474,25
20,1.0,0.04449996311505252,1.0,0.08659270969057892,26
20,1.0,0.04190672211254648,1.0,0.08578312005666337,27
20,1.0,0.039594539366935855,0.9899999499320984,0.08511373984245875,28
20,1.0,0.03752649826630442,0.9899999499320984,0.08452192286955633,29
20,1.0,0.03566802337927575,0.9899999499320984,0.08395602558159894,30
20,1.0,0.03398802991130944,0.9899999499320984,0.08337524081809881,31
20,1.0,0.03245952769670072,0.9899999499320984,0.08274913545724993,32
20,1.0,0.031059802649093984,0.9799999594688416,0.082056854262271,33
20,1.0,0.029770235360222178,0.9799999594688416,0.08128614629144158,34
20,1.0,0.028575916455300377,0.9799999594688416,0.08043213518365196,35
20,1.0,0.02746511479665576,0.9799999594688416,0.07949608404796565,36
20,1.0,0.026428712599308787,0.9799999594688416,0.07848407621031343,37
20,1.0,0.025459635392283592,0.9799999594688416,0.07740573413627176,38
20,1.0,0.02455233248692057,0.9799999594688416,0.07627309110374501,39
20,1.0,0.023702338669271465,0.9799999594688416,0.07509952992943437,40
20,1.0,0.022905904970997728,0.9799999594688416,0.07389894933134011,41
20,1.0,0.022159728113172808,0.9799999594688416,0.0726849921018916,42
20,1.0,0.021460740067013984,0.9799999594688416,0.07147058226635741,43
20,1.0,0.02080599204828674,0.9799999594688416,0.07026745333701219,44
20,1.0,0.020192565431990505,0.9799999594688416,0.06908596779706849,45
20,1.0,0.01961755414228102,0.9799999594688416,0.0679349308017527,46
20,1.0,0.019078057682811164,0.9799999594688416,0.0668215913112428,47
20,1.0,0.018571213445320253,0.9799999594688416,0.06575159727315064,48
20,1.0,0.018094215666785807,0.9799999594688416,0.0647291423634357,49
20,1.0,0.017644368597196192,0.9799999594688416,0.06375705270963698,50
20,1.0,0.01721911573273626,0.9899999499320984,0.0628369226342803,51
20,1.0,0.016816069873661566,0.9899999499320984,0.061969279836220165,52
20,1.0,0.01643304507649222,0.9899999499320984,0.06115370011362211,53
20,1.0,0.01606806093736365,0.9899999499320984,0.060388975623804304,54
20,1.0,0.015719355113054855,0.9899999499320984,0.059673235865008716,55
20,1.0,0.015385377555984348,0.9899999499320984,0.05900408830600789,56
20,1.0,0.015064784118080122,0.9899999499320984,0.05837873370684255,57
20,1.0,0.014756420495756067,0.9899999499320984,0.05779402858806588,58
20,1.0,0.014459295468673748,0.9899999499320984,0.05724664524867933,59
20,1.0,0.014172575344390113,0.9899999499320984,0.05673309779944837,60
20,1.0,0.013895547793743152,0.9899999499320984,0.0562498389435059,61
20,1.0,0.01362760551712898,0.9899999499320984,0.05579330404926808,62
20,1.0,0.01336822569608539,0.9899999499320984,0.055360005017474456,63
20,1.0,0.013116953780768726,0.9899999499320984,0.054946555913386645,64
20,1.0,0.012873387801145579,0.9899999499320984,0.05454969905626201,65
20,1.0,0.01263716162373978,0.9899999499320984,0.05416638700931733,66
20,1.0,0.012407941810253405,0.9899999499320984,0.0537937731629371,67
20,1.0,0.012185415937424959,0.9899999499320984,0.053429242936352955,68
20,1.0,0.011969287475096242,0.9899999499320984,0.05307044950147272,69
20,1.0,0.011759274198748025,0.9899999499320984,0.05271531932752306,70
20,1.0,0.011555108669886623,0.9899999499320984,0.05236205953373733,71
20,1.0,0.011356535027209147,0.9899999499320984,0.05200916183905616,72
20,1.0,0.01116330926475586,0.9899999499320984,0.05165537961339551,73
20,1.0,0.010975197848909856,0.9899999499320984,0.05129974576252934,74
20,1.0,0.010791981842368683,0.9899999499320984,0.0509415416919379,75
20,1.0,0.010613455199482594,0.9899999499320984,0.05058032052243022,76
20,1.0,0.010439430765472674,0.9899999499320984,0.05021582282452572,77
20,1.0,0.01026972885150635,0.9899999499320984,0.04984801050952387,78
20,1.0,0.010104188228586842,0.9899999499320984,0.04947700456122149,79
20,1.0,0.009942657205074859,0.9899999499320984,0.04910311270998932,80
20,1.0,0.009785003052159557,0.9899999499320984,0.04872673239475533,81
20,1.0,0.009631097608640529,0.9899999499320984,0.04834840682947211,82
20,1.0,0.009480830128145361,0.9899999499320984,0.047968733792870866,83
20,1.0,0.009334095531347134,0.9899999499320984,0.047588369823579495,84
20,1.0,0.00919079580919215,0.9899999499320984,0.04720803216763865,85
20,1.0,0.009050844679668673,0.9899999499320984,0.04682843374465739,86
20,1.0,0.008914155800802142,0.9899999499320984,0.046450288519109185,87
20,1.0,0.008780649188032041,0.9899999499320984,0.046074318543775784,88
20,1.0,0.00865025081631395,0.9899999499320984,0.045701209884210725,89
20,1.0,0.00852288754915297,0.9899999499320984,0.045331603282597166,90
20,1.0,0.008398487257934377,0.9899999499320984,0.04496611155086729,91
20,1.0,0.008276980381220447,0.9899999499320984,0.04460528145442976,92
20,1.0,0.008158296656958853,0.9899999499320984,0.04424962813737581,93
20,1.0,0.008042369829831983,0.9899999499320984,0.04389958273214185,94
20,1.0,0.007929129953546592,0.9899999499320984,0.043555547798099184,95
20,1.0,0.007818510524658108,0.9899999499320984,0.04321784529085994,96
20,1.0,0.007710443315748013,0.9899999499320984,0.042886759824082556,97
20,1.0,0.00760486163311086,0.9899999499320984,0.04256251024129191,98
20,1.0,0.007501698786756711,0.9899999499320984,0.0422452690273606,99
20,1.0,0.0074008884927844,0.9899999499320984,0.0419351553554984,100
40,0.7750000357627869,0.6621164458987175,0.7699999809265137,0.5699532319654247,1
40,0.800000011920929,0.5626242225659706,0.85999995470047,0.49601437766466233,2
40,0.9750000238418579,0.4792725770806236,0.9399999976158142,0.4302952502898096,3
40,1.0,0.4054998058420493,0.9799999594688416,0.37282276903859335,4
40,1.0,0.341621671768498,1.0,0.32386071537557387,5
40,1.0,0.28787902428327977,1.0,0.28282961073633517,6
40,1.0,0.243487945735078,1.0,0.24851457761929502,7
40,1.0,0.2069595034141418,0.9899999499320984,0.2196127738160005,8
40,1.0,0.17672600471320624,0.9899999499320984,0.19510986723278367,9
40,1.0,0.15154722338532747,1.0,0.17430936878125208,10
40,1.0,0.1305412114972386,1.0,0.1566952142674809,11
40,1.0,0.11304539704679871,1.0,0.1418164198989262,12
40,1.0,0.09850171624793959,1.0,0.12924366440271548,13
40,1.0,0.08641084013378658,1.0,0.11857325256081479,14
40,1.0,0.07632878141533586,1.0,0.10944552308359255,15
40,1.0,0.06787505425368227,1.0,0.10155851551093863,16
40,1.0,0.06073654448279345,1.0,0.09467125087867771,17
40,1.0,0.05466369291637209,1.0,0.08859841192818667,18
40,1.0,0.049461319656508476,1.0,0.08320050561053463,19
40,1.0,0.04497758440978419,1.0,0.07837299248138564,20
40,1.0,0.04109356971450359,1.0,0.07403654172030996,21
40,1.0,0.03771472831221101,1.0,0.07012932367089818,22
40,1.0,0.03476445996216165,1.0,0.06660140462200254,23
40,1.0,0.032179554563739624,1.0,0.06341097307952989,24
40,1.0,0.029907076565264458,1.0,0.0605219508265523,25
40,1.0,0.027902259491290583,1.0,0.05790254247538453,26
40,1.0,0.02612705095454969,1.0,0.055524411445008685,27
40,1.0,0.02454906848963947,1.0,0.05336218367741747,28
40,1.0,0.02314078528302487,1.0,0.05139314949420315,29
40,1.0,0.021878862571037015,1.0,0.04959702139086852,30
40,1.0,0.020743565677379606,1.0,0.0479557305766911,31
40,1.0,0.01971824354909689,1.0,0.0464532203019992,32
40,1.0,0.01878885742334101,1.0,0.045075227528172654,33
40,1.0,0.017943562652644775,1.0,0.043809081212233654,34
40,1.0,0.017172340930006243,1.0,0.04264348512129963,35
40,1.0,0.016466675579219676,1.0,0.041568347690185144,36
40,1.0,0.015819286400410536,1.0,0.04057460443584248,37
40,1.0,0.015223899810052694,1.0,0.03965408995783218,38
40,1.0,0.014675068626678051,1.0,0.038799428143860296,39
40,1.0,0.014168028131481093,1.0,0.038003927228623925,40
40,1.0,0.013698574724454522,1.0,0.03726153223580589,41
40,1.0,0.01326298467185767,1.0,0.03656675570969329,42
40,1.0,0.012857939352940684,1.0,0.03591464382334674,43
40,1.0,0.012480474059570904,1.0,0.035300742547604125,44
40,1.0,0.012127936302874138,1.0,0.03472106800078477,45
40,1.0,0.011797951115833328,1.0,0.03417208383019396,46
40,1.0,0.01148839490409638,1.0,0.03365066756634454,47
40,1.0,0.01119736953484578,1.0,0.033154089715570365,48
40,1.0,0.010923182765424647,1.0,0.03267997459425557,49
40,1.0,0.01066432482221936,1.0,0.0322262853136172,50
40,1.0,0.010419455670478901,1.0,0.031791272179870086,51
40,1.0,0.01018738148303115,1.0,0.03137345305730187,52
40,1.0,0.009967041320557736,1.0,0.030971572682479284,53
40,1.0,0.009757490229521494,1.0,0.030584572603636728,54
40,1.0,0.009557886058196,1.0,0.030211559010166453,55
40,1.0,0.009367474021352153,1.0,0.029851776901762876,56
40,1.0,0.009185578009922035,1.0,0.02950458108024302,57
40,1.0,0.009011588470906242,1.0,0.02916941210984441,58
40,1.0,0.00884495280750579,1.0,0.028845781380754745,59
40,1.0,0.008685169482268539,1.0,0.02853324952148457,60
40,1.0,0.008531780238439134,1.0,0.028231417161066853,61
40,1.0,0.008384366173827356,1.0,0.027939910973367742,62
40,1.0,0.008242541718182533,1.0,0.02765836964926982,63
40,1.0,0.008105951660400817,1.0,0.027386444567714642,64
40,1.0,0.007974268268903384,1.0,0.0271238044760692,65
40,1.0,0.007847191381922558,1.0,0.026870106699339775,66
40,1.0,0.007724440554520699,1.0,0.026625018250683277,67
40,1.0,0.0076057586069098355,1.0,0.02638820594154769,68
40,1.0,0.007490907864100376,1.0,0.026159329561575292,69
40,1.0,0.007379667430351372,1.0,0.02593805901156072,70
40,1.0,0.007271835417628833,1.0,0.025724061612785582,71
40,1.0,0.007167225459761159,1.0,0.025517002330352954,72
40,1.0,0.007065663686122301,1.0,0.025316548196602097,73
40,1.0,0.006966989887008718,1.0,0.025122377578367917,74
40,1.0,0.006871057725151972,1.0,0.024934162993983933,75
40,1.0,0.006777729392434064,1.0,0.024751591361901727,76
40,1.0,0.0066868787946636615,1.0,0.024574352825294393,77
40,1.0,0.006598388030537416,1.0,0.024402143715117473,78
40,1.0,0.006512146837326459,1.0,0.024234673798347695,79
40,1.0,0.006428053344150673,1.0,0.024071666269195713,80
40,1.0,0.006346013810404956,1.0,0.023912846368865787,81
40,1.0,0.006265937382524048,1.0,0.023757956094838547,82
40,1.0,0.0061877403228363685,1.0,0.02360675460843729,83
40,1.0,0.006111344799666284,1.0,0.023459011706311417,84
40,1.0,0.006036677260907987,1.0,0.023314509146151373,85
40,1.0,0.005963667817837946,1.0,0.02317304688617901,86
40,1.0,0.0058922513421311995,1.0,0.02303443751764102,87
40,1.0,0.005822366123126422,1.0,0.02289850732204896,88
40,1.0,0.005753954111288255,1.0,0.02276509868543392,89
40,1.0,0.0056869602948336475,1.0,0.022634073870834267,90
40,1.0,0.005621334240305431,1.0,0.022505302645575275,91
40,1.0,0.00555702711404393,1.0,0.022378666153969457,92
40,1.0,0.005493992313668655,1.0,0.022254061329137795,93
40,1.0,0.005432186487151423,1.0,0.022131400024534835,94
40,1.0,0.005371569926548399,1.0,0.022010599709762317,95
40,1.0,0.005312103003837836,1.0,0.02189158882511328,96
40,1.0,0.005253749079915992,1.0,0.02177430979046483,97
40,1.0,0.005196474699861062,1.0,0.021658709040968827,98
40,1.0,0.005140246753053034,1.0,0.021544739254760217,99
40,1.0,0.005085033812566177,1.0,0.021432362623998263,100
40,0.925000011920929,0.6540507883456131,0.8399999737739563,0.5830243795180163,1
40,0.9750000238418579,0.5668124416353336,0.8899999856948853,0.5112229378561888,2
40,1.0,0.490358324063842,0.9699999690055847,0.44820437274495695,3
40,1.0,0.42341420282758924,0.9699999690055847,0.3931220173400704,4
40,1.0,0.36541886293574033,0.9699999690055847,0.34553926941368956,5
40,1.0,0.3157355125175947,0.9699999690055847,0.3050104432556082,6
40,1.0,0.2734782421121419,0.9799999594688416,0.270912747830357,7
40,1.0,0.23764511958124945,0.9799999594688416,0.24244531242322503,8
40,1.0,0.20729982716394002,0.9799999594688416,0.21870124955855383,9
40,1.0,0.1816328028138534,0.9799999594688416,0.19875816661680445,10
40,1.0,0.1599337288835314,0.9799999594688416,0.18177163794764173,11
40,1.0,0.14156441204464315,0.9799999594688416,0.16705656080909198,12
40,1.0,0.1259617826230838,0.9799999594688416,0.15412144584994572,13
40,1.0,0.11265089003004608,0.9799999594688416,0.14264548664638863,14
40,1.0,0.10124491129550464,0.9799999594688416,0.13242846929538893,15
40,1.0,0.09143176295567215,0.9899999499320984,0.12334055527463093,16
40,1.0,0.0829570173378298,0.9899999499320984,0.11528467509030303,17
40,1.0,0.07560983897559004,0.9899999499320984,0.10817410074054302,18
40,1.0,0.06921378272197024,0.9899999499320984,0.1019221947481488,19
40,1.0,0.06362114904439316,0.9899999499320984,0.09643988366000329,20
40,1.0,0.058709075183877246,0.9899999499320984,0.09163705182568369,21
40,1.0,0.0543760801928892,0.9899999499320984,0.08742526654939012,22
40,1.0,0.050538598435974115,0.9899999499320984,0.08372040969545756,23
40,1.0,0.04712760269938418,0.9899999499320984,0.08044485260623148,24
40,1.0,0.04408559274026415,0.9899999499320984,0.07752889537312813,25
40,1.0,0.041364126614623624,0.9899999499320984,0.07491162115671823,26
40,1.0,0.03892195690473568,0.9899999499320984,0.07254123190797311,27
40,1.0,0.03672368959989996,0.9899999499320984,0.07037495969933541,28
40,1.0,0.034738847293668586,0.9899999499320984,0.06837857045482029,29
40,1.0,0.032941174916139286,0.9899999499320984,0.0665255390032151,30
40,1.0,0.03130807844734206,0.9899999499320984,0.06479602828054962,31
40,1.0,0.029820146096563967,0.9899999499320984,0.06317572175512433,32
40,1.0,0.02846069871751152,0.9899999499320984,0.061654629373225946,33
40,1.0,0.027215374083756988,0.9899999499320984,0.06022594221871121,34
40,1.0,0.02607175424165642,0.9899999499320984,0.058884989046425106,35
40,1.0,0.025019029068873377,0.9899999499320984,0.05762842363081484,36
40,1.0,0.02404774499542968,0.9899999499320984,0.056453510420135196,37
40,1.0,0.02314957215555162,0.9899999499320984,0.055357628573872594,38
40,1.0,0.02231714074897947,0.9899999499320984,0.054337950140698095,39
40,1.0,0.021543916994494722,0.9899999499320984,0.053391232174925016,40
40,1.0,0.020824098976635858,0.9899999499320984,0.052513733126787504,41
40,1.0,0.020152532853161403,0.9899999499320984,0.05170123262901519,42
40,1.0,0.019524649724325084,0.9899999499320984,0.050949052931099914,43
40,1.0,0.018936394541478805,0.9899999499320984,0.05025220419969961,44
40,1.0,0.018384174740853323,0.9899999499320984,0.04960546996072093,45
40,1.0,0.01786479652998751,0.9899999499320984,0.04900356726531628,46
40,1.0,0.017375420171784766,0.9899999499320984,0.048441263297753036,47
40,1.0,0.016913510157132446,0.9899999499320984,0.04791349249220607,48
40,1.0,0.016476790132700283,0.9899999499320984,0.04741549034055135,49
40,1.0,0.01606321792452733,0.9899999499320984,0.04694287137468775,50
40,1.0,0.015670950108794306,0.9899999499320984,0.046491697412996455,51
40,1.0,0.015298316685599271,0.9899999499320984,0.046058547193968395,52
40,1.0,0.01494381038375735,0.9899999499320984,0.04564052718356969,53
40,1.0,0.014606065328479535,0.9899999499320984,0.04523525393348943,54
40,1.0,0.014283837677145517,0.9899999499320984,0.04484088558042525,55
40,1.0,0.013976008860032613,0.9899999499320984,0.04445603553713618,56
40,1.0,0.013681560917760566,0.9899999499320984,0.044079770297018,57
40,1.0,0.01339957471015173,0.9899999499320984,0.043711497879424195,58
40,1.0,0.013129211578552869,0.9899999499320984,0.043350944054979364,59
40,1.0,0.01286971307727625,0.9899999499320984,0.04299806572671791,60
40,1.0,0.012620387559015012,0.9899999499320984,0.04265296652357691,61
40,1.0,0.012380601541629378,0.9899999499320984,0.042315867243687195,62
40,1.0,0.012149776414169923,0.9899999499320984,0.041987019706951005,63
40,1.0,0.01192737642915005,0.9899999499320984,0.041666685933662545,64
40,1.0,0.01171291360507083,0.9899999499320984,0.04135506905348771,65
40,1.0,0.01150592920208517,0.9899999499320984,0.04105232756438887,66
40,1.0,0.011306006754390205,0.9899999499320984,0.04075850479024561,67
40,1.0,0.011112753669395087,0.9899999499320984,0.04047356116719833,68
40,1.0,0.010925808888969317,0.9899999499320984,0.0401973497603708,69
40,1.0,0.01074483431903374,0.9899999499320984,0.039929627368775596,70
40,1.0,0.010569517055410708,0.9899999499320984,0.03967006267101942,71
40,1.0,0.010399567250955406,0.9899999499320984,0.03941825406788547,72
40,1.0,0.010234711811882406,0.9899999499320984,0.0391737375811351,73
40,1.0,0.010074697981522393,0.9899999499320984,0.03893599619995791,74
40,1.0,0.009919287317612767,0.9899999499320984,0.038704500073173394,75
40,1.0,0.009768256798147815,0.9899999499320984,0.03847870869701423,76
40,1.0,0.009621398656178344,0.9899999499320984,0.03825809176660971,77
40,1.0,0.009478517547800656,0.9899999499320984,0.038042130024148094,78
40,1.0,0.009339424885054235,0.9899999499320984,0.03783034231952974,79
40,1.0,0.009203947133793359,0.9899999499320984,0.0376222923812692,80
40,1.0,0.009071918774505217,0.9899999499320984,0.037417581133863655,81
40,1.0,0.008943181211184082,0.9899999499320984,0.03721587757279551,82
40,1.0,0.008817587155764637,0.9899999499320984,0.037016892899026134,83
40,1.0,0.008694994947578655,0.9899999499320984,0.03682039336224873,84
40,1.0,0.008575270502625796,0.9899999499320984,0.03662619182352969,85
40,1.0,0.008458285140837834,0.9899999499320984,0.03643414234849879,86
40,1.0,0.008343915751320196,0.9899999499320984,0.03624414874022385,87
40,1.0,0.008232046043641124,0.9899999499320984,0.03605613783646559,88
40,1.0,0.008122564004034013,0.9899999499320984,0.035870067982207675,89
40,1.0,0.008015363384860775,0.9899999499320984,0.03568591110953012,90
40,1.0,0.007910339462191046,0.9899999499320984,0.035503647939295335,91
40,1.0,0.007807391396141339,0.9899999499320984,0.03532326808212018,92
40,1.0,0.0077064248069026375,0.9899999499320984,0.03514476032853054,93
40,1.0,0.0076073459574107416,0.9899999499320984,0.0349681061260857,94
40,1.0,0.007510064550092599,0.9899999499320984,0.03479327523002311,95
40,1.0,0.007414492428846259,0.9899999499320984,0.03462022274451092,96
40,1.0,0.007320545634599548,0.9899999499320984,0.034448890055365736,97
40,1.0,0.007228141232202646,0.9899999499320984,0.03427919896313406,98
40,1.0,0.007137199393705478,0.9899999499320984,0.03411105889509451,99
40,1.0,0.0070476435993166615,0.9899999499320984,0.033944354889327,100
80,0.737500011920929,0.6641530706853745,0.9699999690055847,0.5739359560388888,1
80,0.9750000238418579,0.5727946305852022,1.0,0.495924501511721,2
80,1.0,0.492790268888266,0.9899999499320984,0.42938256070117503,3
80,1.0,0.4229382326961611,0.9899999499320984,0.3723508376314159,4
80,1.0,0.362815961836931,0.9899999499320984,0.32334116676075203,5
80,1.0,0.31155096002167404,0.9899999499320984,0.2812832920604586,6
80,1.0,0.26801132968335034,0.9899999499320984,0.24547343142061873,7
80,1.0,0.23118415709006002,0.9899999499320984,0.21526746625224705,8
80,1.0,0.2001703041281301,0.9899999499320984,0.189919288423007,9
80,1.0,0.17410307817865675,0.9899999499320984,0.16863266456963172,10
80,1.0,0.15217099031480508,0.9899999499320984,0.1506749319311869,11
80,1.0,0.13367308466885813,0.9899999499320984,0.13543794859517286,12
80,1.0,0.11803337043164662,0.9899999499320984,0.12243620269109882,13
80,1.0,0.10477884036727965,0.9899999499320984,0.11128150610719612,14
80,1.0,0.093513602501742,0.9899999499320984,0.10166044598139,15
80,1.0,0.0839038177753538,0.9899999499320984,0.09331927633940869,16
80,1.0,0.07567063300897739,0.9899999499320984,0.08605279365515714,17
80,1.0,0.06858477613248513,0.9899999499320984,0.07969452855612084,18
80,1.0,0.062459665053369376,0.9899999499320984,0.07410799602788777,19
80,1.0,0.05714343457732832,0.9899999499320984,0.06917962179077985,20
80,1.0,0.052511421374069306,0.9899999499320984,0.06481371697052907,21
80,1.0,0.04846015339342815,0.9899999499320984,0.06092923253554771,22
80,1.0,0.044903039975081285,0.9899999499320984,0.05745767694980086,23
80,1.0,0.04176740342724831,0.9899999499320984,0.05434158110457053,24
80,1.0,0.03899230949622219,0.9899999499320984,0.05153310030786147,25
80,1.0,0.03652680488400991,0.9899999499320984,0.04899259841133843,26
80,1.0,0.03432833089841313,1.0,0.04668722160344066,27
80,1.0,0.0323612800418579,1.0,0.04458955335056022,28
80,1.0,0.030595701428654455,1.0,0.042676435531865425,29
80,1.0,0.0290062044853892,1.0,0.040928032186688786,30
80,1.0,0.02757108666618311,1.0,0.03932710981323426,31
80,1.0,0.02627166335077631,1.0,0.03785853471654267,32
80,1.0,0.025091765369623445,1.0,0.03650891988693902,33
80,1.0,0.024017367072378552,1.0,0.03526638373022386,34
80,1.0,0.023036294058789483,1.0,0.03412035311229925,35
80,1.0,0.02213797946608445,1.0,0.03306141860426748,36
80,1.0,0.021313251250342297,1.0,0.03208119266701777,37
80,1.0,0.020554139687194148,1.0,0.031172189753196442,38
80,1.0,0.019853703214346416,1.0,0.030327702044943578,39
80,1.0,0.019205866019224464,1.0,0.029541712845401993,40
80,1.0,0.018605292547846736,1.0,0.02880880440213497,41
80,1.0,0.01804726841795719,1.0,0.028124092518366554,42
80,1.0,0.017527611065918772,1.0,0.02748318036314739,43
80,1.0,0.017042601823819382,1.0,0.026882109584983997,44
80,1.0,0.016588924304723956,1.0,0.02631732491818991,45
80,1.0,0.016163622868266427,1.0,0.025785647894974135,46
80,1.0,0.01576406259516282,1.0,0.025284242004921364,47
80,1.0,0.015387896670965765,1.0,0.024810582099047754,48
80,1.0,0.01503303323926742,1.0,0.024362420761451294,49
80,1.0,0.014697609115083322,1.0,0.02393775389960734,50
80,1.0,0.014379958917810848,1.0,0.02353479233898999,51
80,1.0,0.014078593991186304,1.0,0.023151928295895543,52
80,1.0,0.013792175991714922,1.0,0.022787713255624214,53
80,1.0,0.01351950281025568,1.0,0.02244082934426862,54
80,1.0,0.013259486721461423,1.0,0.022110074646586604,55
80,1.0,0.013011146383371558,1.0,0.021794341876762557,56
80,1.0,0.012773589018831863,1.0,0.021492614249004064,57
80,1.0,0.01254600933320304,1.0,0.02120394535628262,58
80,1.0,0.01232767348433497,1.0,0.020927460394058586,59
80,1.0,0.012117919250303512,1.0,0.02066233844290645,60
80,1.0,0.011916144387905654,1.0,0.020407819027132637,61
80,1.0,0.011721803234461182,1.0,0.020163188718871263,62
80,1.0,0.011534401102663128,1.0,0.019927782144357226,63
80,1.0,0.011353489109537306,1.0,0.019700974443572418,64
80,1.0,0.011178656433715815,1.0,0.0194821856895977,65
80,1.0,0.011009530786448285,1.0,0.019270867946940107,66
80,1.0,0.010845767095776747,1.0,0.019066519597561865,67
80,1.0,0.010687053881708515,1.0,0.018868668249215542,68
80,1.0,0.010533101011287172,1.0,0.01867688010350125,69
80,1.0,0.010383641173273853,1.0,0.0184907620482945,70
80,1.0,0.010238432542462516,1.0,0.018309947219632385,71
80,1.0,0.010097245929348759,1.0,0.018134107057014383,72
80,1.0,0.009959874509384167,1.0,0.01796294371480719,73
80,1.0,0.009826124633773498,1.0,0.017796188072466808,74
80,1.0,0.009695817819593888,1.0,0.017633600373640482,75
80,1.0,0.009568790012381468,1.0,0.017474966106490616,76
80,1.0,0.009444889004737958,1.0,0.017320090348218083,77
80,1.0,0.009323972617906247,1.0,0.017168799231369224,78
80,1.0,0.00920590871612653,1.0,0.01702093472816961,79
80,1.0,0.009090575255636418,1.0,0.016876355133526758,80
80,1.0,0.008977858383279993,1.0,0.01673492568803589,81
80,1.0,0.008867649815837,1.0,0.016596523138882893,82
80,1.0,0.008759849295127037,1.0,0.016461034078420755,83
80,1.0,0.008654363958764871,1.0,0.016328347124084833,84
80,1.0,0.008551103908744738,1.0,0.016198356648949985,85
80,1.0,0.008449986560635744,1.0,0.016070961633129842,86
80,1.0,0.008350934300046638,1.0,0.01594606374564844,87
80,1.0,0.008253872932120479,1.0,0.015823566871741388,88
80,1.0,0.00815873358434993,1.0,0.015703376699381176,89
80,1.0,0.008065450850952609,1.0,0.015585403169010784,90
80,1.0,0.007973963381079535,1.0,0.015469558624361026,91
80,1.0,0.007884213112462278,1.0,0.015355755320706922,92
80,1.0,0.007796143477007903,1.0,0.015243910736098392,93
80,1.0,0.007709702985662956,1.0,0.015133948769264067,94
80,1.0,0.007624843155905628,1.0,0.015025789538363902,95
80,1.0,0.007541514573572886,1.0,0.014919363653147966,96
80,1.0,0.007459673448392795,1.0,0.014814603697142568,97
80,1.0,0.007379276436977617,1.0,0.014711447193132832,98
80,1.0,0.007300283649719819,1.0,0.014609836497955692,99
80,1.0,0.007222655949766583,1.0,0.014509716871228316,100
80,0.7750000357627869,0.6638298372430687,0.9799999594688416,0.5760883223884731,1
80,0.949999988079071,0.5709725962544757,0.9799999594688416,0.49722042882526174,2
80,1.0,0.4908549696590564,0.9899999499320984,0.42851450336571817,3
80,1.0,0.42050339704506234,1.0,0.36973109209405836,4
80,1.0,0.35991251417505943,0.9899999499320984,0.32013668225807995,5
80,1.0,0.3086260957774946,0.9899999499320984,0.2781726822682659,6
80,1.0,0.2653558376659553,0.9899999499320984,0.2424014120587877,7
80,1.0,0.22876906991447124,0.9899999499320984,0.2119635240769884,8
80,1.0,0.19791610554628522,0.9899999499320984,0.1862750568680047,9
80,1.0,0.1720342846541484,0.9799999594688416,0.1647378855257294,10
80,1.0,0.15036189470461198,0.9799999594688416,0.1467065924229527,11
80,1.0,0.13215628459447867,0.9899999499320984,0.13156890510245398,12
80,1.0,0.1167768419067027,0.9899999499320984,0.11880364390325598,13
80,1.0,0.10371881217474677,1.0,0.10798657062640203,14
80,1.0,0.09259247255213193,1.0,0.09877163457806099,15
80,1.0,0.08308663512891076,1.0,0.09087247924023942,16
80,1.0,0.07494159445859809,0.9899999499320984,0.08405162876144778,17
80,1.0,0.06793579564041838,0.9899999499320984,0.0781150235499423,18
80,1.0,0.061881064625215865,1.0,0.07290787119189146,19
80,1.0,0.05662058482967365,1.0,0.06830948809748771,20
80,1.0,0.05202628893247457,1.0,0.06422690913749868,21
80,1.0,0.047994885576116274,1.0,0.06058814275715527,22
80,1.0,0.044443093396301786,1.0,0.057336096587742386,23
80,1.0,0.041303022014949696,1.0,0.054423832640403326,24
80,1.0,0.03851833262370094,1.0,0.05181130087368255,25
80,1.0,0.036041421652633736,1.0,0.049463356346529486,26
80,1.0,0.03383151930856777,1.0,0.04734870656601585,27
80,1.0,0.03185349183327695,1.0,0.045439413099913624,28
80,1.0,0.030077042723310268,1.0,0.04371067111425046,29
80,1.0,0.028476156617453015,1.0,0.04214064137059826,30
80,1.0,0.027028598205027145,1.0,0.040710270945129974,31
80,1.0,0.025715445283421914,1.0,0.03940304429905402,32
80,1.0,0.024520618359902047,1.0,0.038204690325208374,33
80,1.0,0.023430424458140975,1.0,0.03710287440646532,34
80,1.0,0.022433143804463727,1.0,0.0360868924124459,35
80,1.0,0.021518655601431583,1.0,0.035147406418158,36
80,1.0,0.02067814591173708,1.0,0.03427623171699881,37
80,1.0,0.019903872390953432,1.0,0.033466156581553184,38
80,1.0,0.019188983687471337,1.0,0.032710817418024736,39
80,1.0,0.01852739366588693,1.0,0.032004595424624124,40
80,1.0,0.01791368209624662,1.0,0.03134254667087064,41
80,1.0,0.017343030532634238,1.0,0.0307203348437354,42
80,1.0,0.016811160204579574,1.0,0.030134169486349317,43
80,1.0,0.016314278886104434,1.0,0.02958075248931719,44
80,1.0,0.015849037692616287,1.0,0.029057217032337355,45
80,1.0,0.015412482709230013,1.0,0.028561063836964076,46
80,1.0,0.015002002268152383,1.0,0.028090112870565728,47
80,1.0,0.014615292752922716,1.0,0.02764244041214477,48
80,1.0,0.014250306614028345,1.0,0.027216335901616314,49
80,1.0,0.013905220386810947,1.0,0.026810261890181094,50
80,1.0,0.013578403744257268,1.0,0.02642281944671629,51
80,1.0,0.013268386866117716,1.0,0.026052723013422527,52
80,1.0,0.01297384394626302,1.0,0.025698785784353532,53
80,1.0,0.012693574330998741,1.0,0.025359904199693164,54
80,1.0,0.012426486571406565,1.0,0.025035051464667068,55
80,1.0,0.012171591290342796,1.0,0.0247232755916043,56
80,1.0,0.011927993080132194,1.0,0.024423690006467914,57
80,1.0,0.01169487735522704,1.0,0.024135471037436598,58
80,1.0,0.01147150425441845,1.0,0.023857859136546793,59
80,1.0,0.011257205412482974,1.0,0.023590158302583337,60
80,1.0,0.011051379684425482,1.0,0.02333172029040001,61
80,1.0,0.010853476360011471,1.0,0.023081950525917955,62
80,1.0,0.010662996796459285,1.0,0.022840305517790906,63
80,1.0,0.010479490208019672,1.0,0.022606277942944827,64
80,1.0,0.01030254062400647,1.0,0.02237940471602792,65
80,1.0,0.0101317693392957,1.0,0.02215925429139557,66
80,1.0,0.009966826726787524,1.0,0.0219454270336396,67
80,1.0,0.00980738678778659,1.0,0.02173755489747796,68
80,1.0,0.009653151249707385,1.0,0.021535296621164265,69
80,1.0,0.00950384170592501,1.0,0.021338334767497278,70
80,1.0,0.009359197202978363,1.0,0.021146378676214522,71
80,1.0,0.00921897683666966,1.0,0.020959158115719436,72
80,1.0,0.009082953634306166,1.0,0.020776428050927387,73
80,1.0,0.00895091960370416,1.0,0.020597955063224777,74
80,1.0,0.008822674131126331,1.0,0.020423536492997232,75
80,1.0,0.008698037868587243,1.0,0.02025297788454209,76
80,1.0,0.008576837409034498,1.0,0.020086104965359022,77
80,1.0,0.008458913909548019,1.0,0.01992275781198095,78
80,1.0,0.008344118865252282,1.0,0.019762785888916494,79
80,1.0,0.008232310560515899,1.0,0.019606053971257805,80
80,1.0,0.008123358718765697,1.0,0.019452437401623123,81
80,1.0,0.008017141250735977,1.0,0.019301816163325738,82
80,1.0,0.007913542008678881,1.0,0.019154078426199234,83
80,1.0,0.007812449772405635,1.0,0.019009126834199745,84
80,1.0,0.007713766016639079,1.0,0.01886686087620273,85
80,1.0,0.007617391205524422,1.0,0.018727188670376243,86
80,1.0,0.007523233650261663,1.0,0.018590023825685927,87
80,1.0,0.00743120750526594,1.0,0.01845528359744491,88
80,1.0,0.00734123097053037,1.0,0.01832288694371954,89
80,1.0,0.007253225066298175,1.0,0.018192762367515762,90
80,1.0,0.007167120234855171,1.0,0.018064831662021878,91
80,1.0,0.0070828416838360775,1.0,0.017939031264817867,92
80,1.0,0.007000327674693541,1.0,0.017815293378057203,93
80,1.0,0.006919513975203614,1.0,0.017693555960382863,94
80,1.0,0.006840342291647017,1.0,0.017573758347502303,95
80,1.0,0.006762756082141677,1.0,0.01745584322468572,96
80,1.0,0.006686702847450503,1.0,0.01733975696480083,97
80,1.0,0.006612132057656231,1.0,0.017225447094976767,98
80,1.0,0.0065389954820970694,1.0,0.017112863642013417,99
80,1.0,0.0064672473331226395,1.0,0.017001959129200713,100
